id,image_name,rating
3,98a.jpg,1
3,81a.jpg,4
3,188a.jpg,5
3,57a.jpg,5
3,3a.jpg,5
3,41a.jpg,5
3,38a.jpg,5
3,74a.jpg,5
3,130a.jpg,4
3,22a.jpg,5
3,114a.jpg,4
3,132a.jpg,4
3,15a.jpg,1
3,183a.jpg,1
3,102a.jpg,2
3,107a.jpg,4
3,159a.jpg,2
3,198a.jpg,1
3,92a.jpg,5
3,180a.jpg,2
3,16a.jpg,4
3,34a.jpg,4
3,167a.jpg,1
3,137a.jpg,4
3,157a.jpg,2
3,134a.jpg,1
3,189a.jpg,2
3,89a.jpg,4
3,113a.jpg,5
3,111a.jpg,5
3,23a.jpg,5
3,33a.jpg,4
3,10a.jpg,4
3,192a.jpg,5
3,122a.jpg,1
3,42a.jpg,5
3,106a.jpg,1
3,162a.jpg,2
3,85a.jpg,2
3,186a.jpg,5
3,77a.jpg,5
3,95a.jpg,5
3,133a.jpg,4
3,90a.jpg,5
3,124a.jpg,1
3,112a.jpg,5
3,200a.jpg,2
3,127a.jpg,4
3,50a.jpg,5
3,44a.jpg,5
3,142a.jpg,2
3,108a.jpg,2
3,99a.jpg,2
3,177a.jpg,1
3,110a.jpg,4
3,175a.jpg,2
3,40a.jpg,5
3,181a.jpg,2
3,103a.jpg,2
3,28a.jpg,1
3,36a.jpg,5
3,79a.jpg,4
3,11a.jpg,2
3,144a.jpg,2
3,179a.jpg,2
3,86a.jpg,1
3,56a.jpg,5
3,170a.jpg,1
3,65a.jpg,4
3,59a.jpg,5
3,150a.jpg,1
3,20a.jpg,5
3,120a.jpg,4
3,12a.jpg,2
3,67a.jpg,5
3,138a.jpg,2
3,88a.jpg,5
3,197a.jpg,2
3,7a.jpg,5
3,26a.jpg,2
3,14a.jpg,4
3,123a.jpg,2
3,46a.jpg,4
3,173a.jpg,2
3,47a.jpg,5
3,191a.jpg,5
3,161a.jpg,1
3,178a.jpg,2
3,69a.jpg,2
3,115a.jpg,4
3,128a.jpg,2
3,171a.jpg,4
3,83a.jpg,5
3,190a.jpg,5
3,139a.jpg,1
3,187a.jpg,4
3,147a.jpg,5
3,25a.jpg,2
3,140a.jpg,1
3,176a.jpg,1
3,9a.jpg,5
3,199a.jpg,2
3,174a.jpg,2
3,155a.jpg,2
3,18a.jpg,5
3,75a.jpg,2
3,1a.jpg,5
3,131a.jpg,2
3,4a.jpg,5
3,158a.jpg,1
3,78a.jpg,2
3,117a.jpg,2
3,82a.jpg,5
3,164a.jpg,1
3,13a.jpg,5
3,8a.jpg,5
3,151a.jpg,2
3,70a.jpg,4
3,146a.jpg,2
3,30a.jpg,5
3,165a.jpg,4
3,31a.jpg,5
3,61a.jpg,5
3,5a.jpg,5
3,94a.jpg,5
3,53a.jpg,4
3,148a.jpg,4
3,6a.jpg,5
3,126a.jpg,1
3,172a.jpg,1
3,121a.jpg,2
3,27a.jpg,2
3,194a.jpg,5
3,24a.jpg,5
3,143a.jpg,2
3,29a.jpg,2
3,45a.jpg,5
3,109a.jpg,5
3,145a.jpg,2
3,184a.jpg,2
3,185a.jpg,5
3,35a.jpg,5
3,19a.jpg,5
3,163a.jpg,2
3,104a.jpg,2
3,129a.jpg,2
3,48a.jpg,5
3,101a.jpg,2
3,2a.jpg,5
3,73a.jpg,5
3,119a.jpg,1
3,100a.jpg,2
3,195a.jpg,1
3,93a.jpg,4
3,169a.jpg,1
3,84a.jpg,1
3,54a.jpg,4
3,105a.jpg,2
3,136a.jpg,2
3,125a.jpg,2
3,21a.jpg,2
3,141a.jpg,1
3,91a.jpg,1
3,168a.jpg,1
3,80a.jpg,4
3,72a.jpg,2
3,116a.jpg,5
3,153a.jpg,4
3,196a.jpg,2
3,32a.jpg,4
3,52a.jpg,5
3,60a.jpg,1
3,63a.jpg,5
3,160a.jpg,2
3,64a.jpg,4
3,55a.jpg,5
3,96a.jpg,1
3,39a.jpg,2
3,97a.jpg,1
3,149a.jpg,2
3,51a.jpg,1
3,68a.jpg,5
3,118a.jpg,5
3,156a.jpg,2
3,43a.jpg,2
3,58a.jpg,1
3,166a.jpg,2
3,182a.jpg,4
3,37a.jpg,2
3,17a.jpg,5
3,152a.jpg,5
3,135a.jpg,1
3,87a.jpg,1
3,66a.jpg,4
3,154a.jpg,5
3,49a.jpg,5
3,76a.jpg,4
3,71a.jpg,5
3,62a.jpg,4
3,193a.jpg,5
